name,code,lang,flag
Andorra,AD,cat,ğŸ‡¦ğŸ‡©
United Arab Emirates,AE,ara,ğŸ‡¦ğŸ‡ª
Afghanistan,AF,pus,ğŸ‡¦ğŸ‡«
Antigua and Barbuda,AG,eng,ğŸ‡¦ğŸ‡¬
Anguilla,AI,eng,
Albania,AL,sqi,ğŸ‡¦ğŸ‡±
Armenia,AM,hye,ğŸ‡¦ğŸ‡²
Angola,AO,por,ğŸ‡¦ğŸ‡´
Antarctica,AQ,,
Argentina,AR,spa,ğŸ‡¦ğŸ‡·
American Samoa,AS,eng,ğŸ‡¦ğŸ‡¸
Austria,AT,deu,ğŸ‡¦ğŸ‡¹
Australia,AU,eng,ğŸ‡¦ğŸ‡º
Aruba,AW,nld,ğŸ‡¦ğŸ‡¼
Ã…land,AX,swe,
Azerbaijan,AZ,aze,ğŸ‡¦ğŸ‡¿
Bosnia and Herzegovina,BA,bos,ğŸ‡§ğŸ‡¦
Barbados,BB,eng,ğŸ‡§ğŸ‡§
Bangladesh,BD,ben,ğŸ‡§ğŸ‡©
Belgium,BE,nld,ğŸ‡§ğŸ‡ª
Burkina Faso,BF,fra,ğŸ‡§ğŸ‡«
Bulgaria,BG,bul,ğŸ‡§ğŸ‡¬
Bahrain,BH,ara,ğŸ‡§ğŸ‡­
Burundi,BI,fra,ğŸ‡§ğŸ‡®
Benin,BJ,fra,ğŸ‡§ğŸ‡¯
Saint BarthÃ©lemy,BL,fra,ğŸ‡§ğŸ‡±
Bermuda,BM,eng,
Brunei,BN,msa,ğŸ‡§ğŸ‡³
Bolivia,BO,spa,ğŸ‡§ğŸ‡´
Bonaire,BQ,nld,
Brazil,BR,por,ğŸ‡§ğŸ‡·
Bahamas,BS,eng,ğŸ‡§ğŸ‡¸
Bhutan,BT,dzo,ğŸ‡§ğŸ‡¹
Bouvet Island,BV,nor,
Botswana,BW,eng,ğŸ‡§ğŸ‡¼
Belarus,BY,bel,ğŸ‡§ğŸ‡¾
Belize,BZ,eng,
Canada,CA,eng,ğŸ‡¨ğŸ‡¦
Cocos [Keeling] Islands,CC,eng,
Democratic Republic of the Congo,CD,fra,ğŸ‡¨ğŸ‡©
Central African Republic,CF,fra,ğŸ‡¨ğŸ‡«
Republic of the Congo,CG,fra,ğŸ‡¨ğŸ‡¬
Switzerland,CH,deu,ğŸ‡¨ğŸ‡­
Ivory Coast,CI,fra,ğŸ‡¨ğŸ‡®
Cook Islands,CK,eng,ğŸ‡¨ğŸ‡°
Chile,CL,spa,ğŸ‡¨ğŸ‡±
Cameroon,CM,eng,ğŸ‡¨ğŸ‡²
China,CN,zho,ğŸ‡¨ğŸ‡³
Colombia,CO,spa,ğŸ‡¨ğŸ‡´
Costa Rica,CR,spa,ğŸ‡¨ğŸ‡·
Cuba,CU,spa,ğŸ‡¨ğŸ‡º
Cape Verde,CV,por,ğŸ‡¨ğŸ‡»
Curacao,CW,nld,ğŸ‡¨ğŸ‡¼
Christmas Island,CX,eng,
Cyprus,CY,ell,ğŸ‡¨ğŸ‡¾
Czech Republic,CZ,ces,ğŸ‡¨ğŸ‡¿
Germany,DE,deu,ğŸ‡©ğŸ‡ª
Djibouti,DJ,fra,ğŸ‡©ğŸ‡¯
Denmark,DK,dan,ğŸ‡©ğŸ‡°
Dominica,DM,eng,
Dominican Republic,DO,spa,ğŸ‡©ğŸ‡´
Algeria,DZ,ara,ğŸ‡©ğŸ‡¿
Ecuador,EC,spa,ğŸ‡ªğŸ‡¨
Estonia,EE,est,ğŸ‡ªğŸ‡ª
Egypt,EG,ara,ğŸ‡ªğŸ‡¬
Western Sahara,EH,spa,ğŸ‡ªğŸ‡­
Eritrea,ER,tir,ğŸ‡ªğŸ‡·
Spain,ES,spa,ğŸ‡ªğŸ‡¸
Ethiopia,ET,amh,ğŸ‡ªğŸ‡¹
Finland,FI,fin,ğŸ‡«ğŸ‡®
Fiji,FJ,eng,ğŸ‡«ğŸ‡¯
Falkland Islands,FK,eng,
Micronesia,FM,eng,ğŸ‡«ğŸ‡²
Faroe Islands,FO,fao,ğŸ‡«ğŸ‡´
France,FR,fra,ğŸ‡«ğŸ‡·
Gabon,GA,fra,ğŸ‡¬ğŸ‡¦
United Kingdom,UK,eng,ğŸ‡¬ğŸ‡§
Grenada,GD,eng,
Georgia,GE,kat,ğŸ‡¬ğŸ‡ª
French Guiana,GF,fra,ğŸ‡¬ğŸ‡«
Guernsey,GG,eng,
Ghana,GH,eng,ğŸ‡¬ğŸ‡­
Gibraltar,GI,eng,
Greenland,GL,kal,ğŸ‡¬ğŸ‡±
Gambia,GM,eng,ğŸ‡¬ğŸ‡²
Guinea,GN,fra,ğŸ‡¬ğŸ‡³
Guadeloupe,GP,fra,ğŸ‡¬ğŸ‡µ
Equatorial Guinea,GQ,spa,ğŸ‡¬ğŸ‡¶
Greece,GR,ell,ğŸ‡¬ğŸ‡·
South Georgia and the South Sandwich Islands,GS,eng,
Guatemala,GT,spa,ğŸ‡¬ğŸ‡¹
Guam,GU,eng,ğŸ‡¬ğŸ‡º
Guinea-Bissau,GW,por,ğŸ‡¬ğŸ‡¼
Guyana,GY,eng,
Hong Kong,HK,zho,ğŸ‡­ğŸ‡°
Heard Island and McDonald Islands,HM,eng,
Honduras,HN,spa,ğŸ‡­ğŸ‡³
Croatia,HR,hrv,ğŸ‡­ğŸ‡·
Haiti,HT,fra,ğŸ‡­ğŸ‡¹
Hungary,HU,hun,ğŸ‡­ğŸ‡º
Indonesia,ID,ind,ğŸ‡®ğŸ‡©
Ireland,IE,gle,ğŸ‡®ğŸ‡ª
Israel,IL,heb,ğŸ‡®ğŸ‡±
Isle of Man,IM,eng,
India,IN,hin,ğŸ‡®ğŸ‡³
British Indian Ocean Territory,IO,eng,
Iraq,IQ,ara,ğŸ‡®ğŸ‡¶
Iran,IR,fas,ğŸ‡®ğŸ‡·
Iceland,IS,isl,ğŸ‡®ğŸ‡¸
Italy,IT,ita,ğŸ‡®ğŸ‡¹
Jersey,JE,eng,
Jamaica,JM,eng,ğŸ‡¯ğŸ‡²
Jordan,JO,ara,ğŸ‡¯ğŸ‡´
Japan,JP,jpn,ğŸ‡¯ğŸ‡µ
Kenya,KE,eng,ğŸ‡°ğŸ‡ª
Kyrgyzstan,KG,kir,ğŸ‡°ğŸ‡¬
Cambodia,KH,khm,ğŸ‡°ğŸ‡­
Kiribati,KI,eng,ğŸ‡°ğŸ‡®
Comoros,KM,ara,ğŸ‡°ğŸ‡²
Saint Kitts and Nevis,KN,eng,
North Korea,KP,kor,ğŸ‡°ğŸ‡µ
South Korea,KR,kor,ğŸ‡°ğŸ‡·
Kuwait,KW,ara,ğŸ‡°ğŸ‡¼
Cayman Islands,KY,eng,
Kazakhstan,KZ,kaz,ğŸ‡°ğŸ‡¿
Laos,LA,lao,ğŸ‡±ğŸ‡¦
Lebanon,LB,ara,ğŸ‡±ğŸ‡§
Saint Lucia,LC,eng,
Liechtenstein,LI,deu,ğŸ‡±ğŸ‡®
Sri Lanka,LK,sin,ğŸ‡±ğŸ‡°
Liberia,LR,eng,ğŸ‡±ğŸ‡·
Lesotho,LS,eng,ğŸ‡±ğŸ‡¸
Lithuania,LT,lit,ğŸ‡±ğŸ‡¹
Luxembourg,LU,fra,ğŸ‡±ğŸ‡º
Latvia,LV,lav,ğŸ‡±ğŸ‡»
Libya,LY,ara,ğŸ‡±ğŸ‡¾
Morocco,MA,ara,ğŸ‡²ğŸ‡¦
Monaco,MC,fra,ğŸ‡²ğŸ‡¨
Moldova,MD,ron,ğŸ‡²ğŸ‡©
Montenegro,ME,srp,ğŸ‡²ğŸ‡ª
Saint Martin,MF,eng,ğŸ‡²ğŸ‡«
Madagascar,MG,fra,ğŸ‡²ğŸ‡¬
Marshall Islands,MH,eng,ğŸ‡²ğŸ‡­
North Macedonia,MK,mkd,ğŸ‡²ğŸ‡°
Mali,ML,fra,ğŸ‡²ğŸ‡±
Myanmar [Burma],MM,mya,ğŸ‡²ğŸ‡²
Mongolia,MN,mon,ğŸ‡²ğŸ‡³
Macao,MO,zho,ğŸ‡²ğŸ‡´
Northern Mariana Islands,MP,eng,ğŸ‡²ğŸ‡µ
Martinique,MQ,fra,ğŸ‡²ğŸ‡¶
Mauritania,MR,ara,ğŸ‡²ğŸ‡·
Montserrat,MS,eng,
Malta,MT,mlt,ğŸ‡²ğŸ‡¹
Mauritius,MU,eng,ğŸ‡²ğŸ‡º
Maldives,MV,div,ğŸ‡²ğŸ‡»
Malawi,MW,eng,ğŸ‡²ğŸ‡¼
Mexico,MX,spa,ğŸ‡²ğŸ‡½
Malaysia,MY,msa,ğŸ‡²ğŸ‡¾
Mozambique,MZ,por,ğŸ‡²ğŸ‡¿
Namibia,NA,eng,ğŸ‡³ğŸ‡¦
New Caledonia,NC,fra,ğŸ‡³ğŸ‡¨
Niger,NE,fra,ğŸ‡³ğŸ‡ª
Norfolk Island,NF,eng,ğŸ‡³ğŸ‡«
Nigeria,NG,eng,ğŸ‡³ğŸ‡¬
Nicaragua,NI,spa,ğŸ‡³ğŸ‡®
Netherlands,NL,nld,ğŸ‡³ğŸ‡±
Norway,NO,nor,ğŸ‡³ğŸ‡´
Nepal,NP,nep,ğŸ‡³ğŸ‡µ
Nauru,NR,eng,ğŸ‡³ğŸ‡·
Niue,NU,eng,ğŸ‡³ğŸ‡º
New Zealand,NZ,eng,ğŸ‡³ğŸ‡¿
Oman,OM,ara,ğŸ‡´ğŸ‡²
Panama,PA,spa,ğŸ‡µğŸ‡¦
Peru,PE,spa,ğŸ‡µğŸ‡ª
French Polynesia,PF,fra,ğŸ‡µğŸ‡«
Papua New Guinea,PG,eng,ğŸ‡µğŸ‡¬
Philippines,PH,eng,ğŸ‡µğŸ‡­
Pakistan,PK,eng,ğŸ‡µğŸ‡°
Poland,PL,pol,ğŸ‡µğŸ‡±
Saint Pierre and Miquelon,PM,fra,
Pitcairn Islands,PN,eng,ğŸ‡µğŸ‡³
Puerto Rico,PR,spa,ğŸ‡µğŸ‡·
Palestine,PS,ara,ğŸ‡µğŸ‡¸
Portugal,PT,por,ğŸ‡µğŸ‡¹
Palau,PW,eng,ğŸ‡µğŸ‡¼
Paraguay,PY,spa,ğŸ‡µğŸ‡¾
Qatar,QA,ara,ğŸ‡¶ğŸ‡¦
RÃ©union,RE,fra,ğŸ‡·ğŸ‡ª
Romania,RO,ron,ğŸ‡·ğŸ‡´
Serbia,RS,srp,ğŸ‡·ğŸ‡¸
Russia,RU,rus,ğŸ‡·ğŸ‡º
Rwanda,RW,kin,ğŸ‡·ğŸ‡¼
Saudi Arabia,SA,ara,ğŸ‡¸ğŸ‡¦
Solomon Islands,SB,eng,ğŸ‡¸ğŸ‡§
Seychelles,SC,fra,ğŸ‡¸ğŸ‡¨
Sudan,SD,ara,ğŸ‡¸ğŸ‡©
Sweden,SE,swe,ğŸ‡¸ğŸ‡ª
Singapore,SG,eng,ğŸ‡¸ğŸ‡¬
Saint Helena,SH,eng,ğŸ‡¸ğŸ‡­
Slovenia,SI,slv,ğŸ‡¸ğŸ‡®
Svalbard and Jan Mayen,SJ,nor,
Slovakia,SK,slk,ğŸ‡¸ğŸ‡°
Sierra Leone,SL,eng,ğŸ‡¸ğŸ‡±
San Marino,SM,ita,ğŸ‡¸ğŸ‡²
Senegal,SN,fra,ğŸ‡¸ğŸ‡³
Somalia,SO,som,ğŸ‡¸ğŸ‡´
Suriname,SR,nld,
South Sudan,SS,eng,ğŸ‡¸ğŸ‡¸
SÃ£o TomÃ© and PrÃ­ncipe,ST,por,ğŸ‡¸ğŸ‡¹
El Salvador,SV,spa,ğŸ‡¸ğŸ‡»
Sint Maarten,SX,nld,
Syria,SY,ara,ğŸ‡¸ğŸ‡¾
Swaziland,SZ,eng,ğŸ‡¸ğŸ‡¿
Turks and Caicos Islands,TC,eng,
Chad,TD,fra,ğŸ‡¹ğŸ‡©
French Southern Territories,TF,fra,ğŸ‡¹ğŸ‡«
Togo,TG,fra,ğŸ‡¹ğŸ‡¬
Thailand,TH,tha,ğŸ‡¹ğŸ‡­
Tajikistan,TJ,tgk,ğŸ‡¹ğŸ‡¯
Tokelau,TK,eng,ğŸ‡¹ğŸ‡°
East Timor,TL,por,ğŸ‡¹ğŸ‡±
Turkmenistan,TM,tuk,ğŸ‡¹ğŸ‡²
Tunisia,TN,ara,ğŸ‡¹ğŸ‡³
Tonga,TO,eng,ğŸ‡¹ğŸ‡´
Turkey,TR,tur,ğŸ‡¹ğŸ‡·
Trinidad and Tobago,TT,eng,ğŸ‡¹ğŸ‡¹
Tuvalu,TV,eng,ğŸ‡¹ğŸ‡»
Taiwan,TW,zho,ğŸ‡¹ğŸ‡¼
Tanzania,TZ,swa,ğŸ‡¹ğŸ‡¿
Ukraine,UA,ukr,ğŸ‡ºğŸ‡¦
Uganda,UG,eng,ğŸ‡ºğŸ‡¬
U.S. Minor Outlying Islands,UM,eng,
United States,US,eng,ğŸ‡ºğŸ‡¸
Uruguay,UY,spa,ğŸ‡ºğŸ‡¾
Uzbekistan,UZ,uzb,ğŸ‡ºğŸ‡¿
Vatican City,VA,ita,ğŸ‡»ğŸ‡¦
Saint Vincent and the Grenadines,VC,eng,
Venezuela,VE,spa,ğŸ‡»ğŸ‡ª
British Virgin Islands,VG,eng,
U.S. Virgin Islands,VI,eng,ğŸ‡»ğŸ‡®
Vietnam,VN,vie,ğŸ‡»ğŸ‡³
Vanuatu,VU,bis,ğŸ‡»ğŸ‡º
Wallis and Futuna,WF,fra,ğŸ‡¼ğŸ‡«
Samoa,WS,smo,ğŸ‡¼ğŸ‡¸
Kosovo,XK,sqi,ğŸ‡½ğŸ‡°
Yemen,YE,ara,ğŸ‡¾ğŸ‡ª
Mayotte,YT,fra,ğŸ‡¾ğŸ‡¹
South Africa,ZA,afr,ğŸ‡¿ğŸ‡¦
Zambia,ZM,eng,ğŸ‡¿ğŸ‡²
Zimbabwe,ZW,eng,ğŸ‡¿ğŸ‡¼